channel_url	channel_name	video_link	text
https://www.youtube.com/channel/UC_4hTg-NjCTx9pL7moh-sDg	Dolly Mama Beauty	https://www.youtube.com/watch?v=uLK9FYgpbzE&t=2ss	    Hello Friends! Thank You So Much For Watching!  
https://www.youtube.com/channel/UC_8zNCjvCq1vAkb-G3F06Xw	Pride In Photos BEAUTY	https://www.youtube.com/watch?v=YnMjMfqkbdw	Some products that I use have been sent to me by the brands that make them or their PR company. 
https://www.youtube.com/channel/UC_ZWjUGosJhaRv7LdCpIWnA	SamSelene	https://www.youtube.com/watch?v=aurMhZhl7w0	Bloopers at the end! I love bloopers. Products Used: Sun Bum - face sunscreen spf 50 Mac - face and body foundation // n2 Nars - soft matte complete concealer // custard Anastasia Beverly Hills - contour cream kit Cover FX - custom enhancer drops // moonlight Make Up For Ever - pro sculpting brow palette // 1 Dior - dior show bold brow // 002 Stilla - magnificent metals glitter and glow liquid eyeshadow // kitten karma Bite Beauty - prismatic multistick // rose pearl Josie Maran - argan black oil mascara Kaja - eyeshadow trio // rosewater Mac - powder blush // mocha Kiehl's - lip balm #1 Bite Beauty - lip pencil // 036 Urban Decay - matte lipstick // 1993 Music - unna by Broke For Free
https://www.youtube.com/channel/UC-awzKJxpD-IFN2W8zaVriA	KrystalKBeauty	https://www.youtube.com/watch?v=9bEBzZMbcRo	"


*Indicates an affiliate or commission based link! I make a small commission when these links are used and I thank you so so much for you support if you choose to use them! THANK YOU! 

FTC- THIS VIDEO IS NOT SPONSORED! All views expressed are my own."
https://www.youtube.com/channel/UC-NFCjTEU17gmOL5WB1d9Zw	rari kari	https://www.youtube.com/watch?v=KjE39F1zTc8	MY SUMMER FAVORITES | ft. FlatTummy Tea flat tummy tea https://get.flattummyco.com/rari-kari skincare https://www.iherb.com/pr/Acure-Ultra-... https://www.ulta.com/ultra-hydrating-... makeup https://www.ulta.com/hoola-matte-bron... https://www.ulta.com/porefessional-hy... https://www.ulta.com/cheek-kiss-blush... https://tartecosmetics.com/shop/makeu... hair https://www.target.com/p/bronner-bros... body spray https://turacobd.com/shop/brands/vict... social media ig @rari_kari twitter @rarikari_ tiktok @rarikari email kariwimsattt@gmail.com tumblr rari-kari depop rarikari #FlatTummyTea #SummerFavorites #Haul
https://www.youtube.com/channel/UC128bgWfLrnytGOyxrqwjMA	Kayleen Weber	https://www.youtube.com/watch?v=ShiK-NB0A_I	Hey there friends!!! Welcome back to my channel! I hope you enjoy this video where I talk about my beauty favorites and makeup that I‚Äôve been loving lately! Let me know your thoughts in the comments down below! Don‚Äôt forget to subscribe, hit that notification bell and give this video a thumbs up! Instagram: kayleen_weber18 Products mentioned: Elf hydrating camo concealer- https://www.elfcosmetics.com/hydratin... Ciate everyday vacay setting powder-https://us.ciatelondon.com/products/e... Murad hydro-dynamic ultimate moisture for the eyes- https://www.murad.com/product/hydro-d... Makeup revolution fast base stick foundation- https://www.revolutionbeauty.com/us/u... Covergirl outlast active foundation- https://www.covergirl.com/en_us/face-... Artist couture diamond glow powder- https://www.sephora.com/product/diamo... #junebeautyfavorites #summerbeautyfavorites #summerfavorites
https://www.youtube.com/channel/UC15JVul5xsKaF6X3kAKCiyw	Makayla Danielle	https://www.youtube.com/watch?v=HCNSMW3Q4v0	"Hey guys!!! Today‚Äôs video is about my favorite products that I tested out this year!! All of these products are bomb and leave my skin flawless! Thanks for watching my videos and for your love and support this year!

Music: Autumn 2011 - Loxbeats
Audio Library- https://youtu.be/r4twe3BxxX8"
https://www.youtube.com/channel/UC19U4XCLp_SKBH8SglQIO5w	Beauty Intakes	https://www.youtube.com/watch?v=bvXblbsct_E	"WATCH PART 1 HERE :
https://youtu.be/cmfbcW-Hwro

"
https://www.youtube.com/channel/UC1G3-ZB8X3KmDyr745ki4PQ	Simply Shai BSN	https://www.youtube.com/watch?v=N34JE2YWs7k	This week is more of a beauty upload where we talk about some of my old favorites and find out if they still are the GOAT. Does new makeup need to step it up ? Is old makeup played out ? Lets talk about it .... and I also have a featured foundation. *this video is not sponsored 
https://www.youtube.com/channel/UC1GxkEJrWO5JWuUW2TD-ZMw	Christina Brooke	https://www.youtube.com/watch?v=Ha1x-x5D5Jc	What has been my favorite makeup and beauty products for the month of AUGUST 2020! I will show you some of my favorites!  Some links are affiliate links and i do make a small commission! If you want to support my channel using those links does help me a lot! Thank you for supporting my channel, I truly appreciate it! ‚ñ∫ STATEMENT This is not a sponsored video - All opinions are my own 
https://www.youtube.com/channel/UC1LCVvREOnWzqME3tjWMizQ	Ashley Wong	https://www.youtube.com/watch?v=e_JLoEURibU	 Please feel free to always leave suggestions as to what you'd like to see next and SUBSCRIBE for more cruelty-free beauty vlogs (reviews, tutorials, etc) and fun lifestyle content! XOXO
https://www.youtube.com/channel/UC1OqFNGQe7k6iJuBuPGUyhg	Manasi Mau	https://www.youtube.com/watch?v=XOeca4LrP3M	 Everything on this channel is created by the owner of this channel Manasi Ghosalkar, using any of the content without my permission is not granted.
https://www.youtube.com/channel/UC2BpMHg050rdmC_YNxuBAPA	KathysBeautyCareChats	https://www.youtube.com/watch?v=9JSglKLZKYc	Hey ya'll! So most of these are favorites, but I'm including a few I didn't love, too ... Love ya'll!! xoxoxo!!! 
https://www.youtube.com/channel/UC2CN5U65kq18ZY53eM5Bu1w	justglowfirefly	https://www.youtube.com/watch?v=ruvoIUmfEF4	It's that time! We're talking all about my August 2020 Luxury Beauty Favorites! Disclaimer: I have my YouTube channel because I love all things beauty. I enjoy making videos and sharing thoughts with you! I am not a makeup artist or professionally trained. I just love beauty! Thank you for supporting my channel. This video is not sponsored. All products are purchased by me or kindly gifted and if gifted, I disclose. This video may contain affiliate links. Affiliate links included which means that at no charge to you, I make a small commission from a purchase if the link is utilized, which in turn, helps support me as a content creator! I am also affiliated with Amazon. Thank you for supporting me and my channel!
https://www.youtube.com/channel/UC2GUcyD6KYjmU_ofQtPTSSA	Robert Welsh	https://www.youtube.com/watch?v=u983dxSQc08	Hello everyone! I thought I would share some of my favourites from this month! Follow me on Instagram - @RobertWLSH Follow me on Twitter - @RWLSHmakeup Products used in this video (*=Affiliate link) *Sigma eyeshadow primer - https://sigma-beauty.qyiv3c.net/1JJ49 Pink Honey Strawberry Sherbet Texture Hold Brow Gel - https://www.pinkhoney.co.uk/product-p... Tiny Marvels Palette by Mel Thompson - http://sydneygraceco.com/tiny-marvels... Bperfect Carnival 3 palette - https://www.bperfectcosmetics.com/pro... *CLIO Prism Air Eye Palette - http://shrsl.com/2gshi Colour Pop hyaluronic concealer pretty fresh - https://colourpop.com/products/pretty... CODE8 RADIATE BEAUTY BALM - https://www.codeeight.com/radiate-bea... *PONY EFFECT - Coverstay Skin Cover Powder Pact - http://shrsl.com/2gshm KVD Vegan Beauty - Everlasting Blush Honeysuckle - https://www.kvdveganbeauty.com/shop-a... * Makeup Geek HEALING LIP GLAZE CREAMSICLE DELIGHT https://bit.ly/2Ey3U1A *BLESSED MOON - Fluffy Lip Tint - MOONLIGHT - http://shrsl.com/2gshx ISOclean brush cleanser - https://www.iso-clean.co.uk/ Music by Terry Saige - Sad nights - https://thmatc.co/?l=7E2353C8
https://www.youtube.com/channel/UC2IC-YpoPVjRN3GX75Eikbw	MadzPayne	https://www.youtube.com/watch?v=jpblSGkF_EM	"

*FTC Disclosure*: This video is not sponsored, all thoughts and opinions are my own. Some of the links shared are affiliate links and I may earn a small commission from any purchases made."
https://www.youtube.com/channel/UC2Ov9-R7N2hwH4Y_xsFDjBw	Mandy Davis MUA	https://www.youtube.com/watch?v=dcPPFyTPS4I	ALL PRODUCTS LINKED BELOW! **WATCH IN 1080HD** Another month bites the dust, and these were my faves from August. What were yours? Please like and subscribe before you leave..it really helps me out! **Connect With Me** Instagram. Some links are affiliate links FTC: This video is not sponsored
https://www.youtube.com/channel/UC2qfGqC4fnBQYdYLOWaFwNg	Marlene Fab & Glam Over 50	https://www.youtube.com/watch?v=YQZ4O57okSk	"
*******Found in the Beauty From the Inside Out section of my Amazon Store."
https://www.youtube.com/channel/UC2SX1JEP1koy6Dc4bhDqGyQ	Tori Terrell	https://www.youtube.com/watch?v=aYTKGdeC2Kg	Today I'm showing you guys my all time favorite drugstore and highend products from my makeup collection! Hey guys! How are y'all doing? Since y'all don't get to see me in the video (so sad, I know lol), let me know in the comments what y'all have going on! I use about 90% of these products every time I do my makeup, yes even all the powders lol! I lost some footage of the video :( but, I hope you guys enjoy my favorites list! See you next week :) ------------------------------------------------------------------------------- üõç Shop with me www.tripletartistry.com üíñ Follow my business IG for updates @3t.artistry ‚Äî‚Äî‚Äî‚Äî‚Äî‚Äî‚Äî‚Äî‚Äî‚Äî‚Äî‚Äî‚Äî‚Äî‚Äî‚Äî‚Äî‚Äî‚Äî‚Äî‚Äî‚Äî‚Äî‚Äî‚Äî‚Äî‚Äî‚Äî‚Äî‚Äî‚Äî‚Äî PLEASE LIKE, COMMENT, AND SUBSCRIBE! What videos would you like to see next? I appreciate everyone who supports me, thank you all so much! Make sure to turn on the post notifications, so you don't miss out on any of my videos! I post every Tuesday and Friday! Stay blessed :) ---------------------------------------------------------------------------------------------- P R O D U C T S S H O W N : Moisturizers: Cetaphil Daily Moisturizer Embryolisse Lait-Creme Concentre Clinique Dramatically Different Moisturizers Primers: MAC Strobe Creme Hourglass Mineral Veil Primer Elf Putty Primer Maybelline Baby Skin Poreless Primer Tarte Base Tape Hydrating Primer Setting Sprays: NYX Matte Finish NYX Prime, Set, Refresh Morphe Continuous Setting Spray MAC Fix + Ben Nye Final Seal Eye Products: ABH Dipbrow Pomade in 'Chocolate' BH Cosmetics Studio Pro Brow Palette L'Oreal Brow Stylist ColourPop Brow Pencil NYX Control Freak Brow Gel NYX Matte Liquid Liner NYX Jumbo Eye Pencil in Milk ColourPop Gel Eyeliner Pencil Skinn Eye Enhancing Eyeliner in 'Nude' L'Oreal Carbon Black Mascara Crown Brushes Gel Eyeliner Glam by Lee Lashes (Discontinued) Vanity Throne Lashes Concealers: Tarte Shapetape Makeup Revolution Conceal + Define La Girl Pro Maybelline Fit Me NYX Color Correcting Palette Graftobian Hi-Def Creme Palette Eyeshadow Palettes: Crayon Case 'Box of Crayon' Morphe 35O Morphe 35T ColourPop 'Cute AF' Tarte 'Tartelette' BH Cosmetics x ItsMyRayeRaye BH Cosmetics x Carli Bybel Bh Cosmetics x Take Me Back To Brazil Juvia's Place 'Warrior II' Juvia's Place 'Zulu' Glitter & Pigments: Amazon Pot Glitters JLaRue Cosmetics Stack NYX Pigment Bella Terra Stacks (3) Foundation: L'Oreal Infallible Pro-Matte L'Oreal Infallible Stick Foundation Maybelline Fit Me Matte+Poreless Urban Decay All Nighter Too Faced Born This Way Fenty Beauty Pro Filt'r ABH Stick Foundation Hourglass Stick Foundation NARS Radiant Highlight & Contour: ABH Contour Kit Becca Cosmetics Opal Ofra Cosmetics Rodeo Drive Juvia's Place 'Nefertiti' Elf Glow Gleam Palette Face Powders: Laura Mercier Translucent Coty Airspun Transulucent RCMA No Color MAC Studio Fix Pressed MAC Mineralized SkinFinsh Maybelline Fit Me Loose Too Faced Transulcent Sacha Buttercup Elf Halo Glow L'Oreal Infallible Pressed Maybelline Fit Me Pressed Blush: Juvis's Place The Saharian Vol. I & II Too Faced Love Flush Maybelline Fit Me ABH Trio (3) Lip Products: ABH Lip Palette NYX Soft Matte Creme NYX Butter Gloss NK Lip Gel NYX Lip Lingerie Maybelline SuperStay Ruby Kisses Forever Matter Dose of Colors Matte Lipstick ColourPop Gloss ColourPop Lippie Stix MAC Lipstick NK LIpliner NYX Lipliner Gerard Cosmetics Lipliner ------------------------------------------------------------------------- CHECK OUT MY OTHER VIDEOS : AFFORDABLE DRUGSTORE MAKEUP TUTORIAL (https://youtu.be/Q1Y-v6f-EAU) 8 TRENDY HAIRSTYLES FOR CURLY HAIR (https://youtu.be/T_KRKhude_8) COLORFUL SPRING MAKEUP TUTORIAL (https://youtu.be/a2GnDMpYnkA) AFFORDABLE EYEBROW TUTORIAL (https://youtu.be/pk_CnznUtkM) NEUTRAL CUT CREASE TUTORIAL (https://youtu.be/is_Xw0KkzCk) AFFORDABLE CURLY HAIR ROUTINE (https://youtu.be/o7n7PA6KPYk) PINK GLITTER CUT CREASE (https://youtu.be/63K0KUJmZPk) BRONZE HALO EYE TUTORIAL (https://youtu.be/ulzk6bEK6n0) PRIDE INSPIRED MAKEUP TUTORIAL (https://youtu.be/Q6UACv2LlKE) -------------------------------------------------------------------------------- COME SAY HI :) I N S T A G R A M : toritruong_ (http://www.instagram.com/toritruong_) I N S T A G R A M : 3t.artistry (http//www.instagram.com/3t.artistry) T W I T T E R : toritruong_ (http://twitter.com/toritruong_) ----------------------------------------------------------------------------------- For Business and PR inquiries, please contact: 3t.artistry@gmail.com
https://www.youtube.com/channel/UC3NsHu8h_axawPV5aXfpkWQ	Stacilea Beauty	https://www.youtube.com/watch?v=2fdQL-wRPNI	Hello! Today I am sharing my AMAZON FAVORITES!  **Affiliate link for Ulta: https://go.magik.ly/ml/wf72/ **Affiliate link for Sephora: https://go.magik.ly/ml/wf74/ Items mentioned
https://www.youtube.com/channel/UC3u8X8Hx1CU9nCqP_-wsczQ	Floating in Dreams	https://www.youtube.com/watch?v=9h1vt36SKLE	in which I talk to you about my favorite eyeshadow palettes by indie brands. I have selected my top 10. DISCLAIMER This is not a paid for advertisement or sponsorship. I buy 99% of all products I am showing. If anything was sent to me in PR, I will denote it with *. Links are not affiliate links, but just links to my personal pages linked to my blog or youtube channel, unless otherwise stated.
https://www.youtube.com/channel/UC4cfY-IcCvoEyzawo2x2Vug	SeanKBeauty	https://www.youtube.com/watch?v=q5T0DYByj2o	Lash style in video Lady Jolynne Shandelier-lashes.com
https://www.youtube.com/channel/UC4iRjRE3R40f6GRfCEC6kZQ	Stefania Messina	https://www.youtube.com/watch?v=kqnkfl6SknQ	"Alright so it's been awhile since I've done a favorites video so I have a mix of new makeup and skincare. 
Some are affiliate links.

For all other business inquires 
stefaniafit1313@gmail.com
"
https://www.youtube.com/channel/UC4VsY2W_u9HmOavb_eWpckQ	Hot Mess Momma MD	https://www.youtube.com/watch?v=Hl-41kM6cJI	"August 2020 Monthly Favorites | Regular and Curvy Girl StyleLicense By Apple music** ""I'am licensed by Apple,Inc. to use the following tracks listed below. Which is provided in the iMovie App from Apple Inc."" images.apple.com http://images.apple.com/legal/sla/doc... ** MD- STANDS FOR MAKEUP DIVA NOT MED. DR** ALL RIGHTS RESERVED"
https://www.youtube.com/channel/UC5_oo-v2ePpqB6XHigW9DvQ	Stacey Bowie	https://www.youtube.com/watch?v=sVzyq61pB-g	My June favorites. This video is not sponsored. All products featured have been bought and paid for by myself.
https://www.youtube.com/channel/UC6FlrvFo23O-xb0SlXgvCUQ	Samantha Jane	https://www.youtube.com/watch?v=ox122luW4C0	August beauty favorites, some drugstore makeup I've been loving and great skincare I've been using while having so many breakouts, ugh. SUBSCRIBE to my channel for more http://bit.ly/samanthajanesub JOIN ME LIVE!: https://www1.shoppersdrugmart.ca/en/b‚Ä¶
https://www.youtube.com/channel/UC6P-EkUOXM3EsREIYQ0bYzw	Mikaela Smith	https://www.youtube.com/watch?v=0CQazbROhvI	February Favorites is here! I wanted to share with y'all some of my current favorites! I love watching these types of videos to get ideas of what everyone is using and why! I share each of my favorites and why I have been currently obsessed with them! I hope you enjoy! Lets Connect Instagram: https://www.instagram.com/mikaelajoys... Pinterest: https://www.pinterest.com/mikaelajoys... Products Mentioned: Bondi Sands: https://amzn.to/2Slvkvw Nyx Lingerie Bedtime Flirt + Corset: https://amzn.to/2HmRUgR Victoria Secret Body Spray: https://amzn.to/2SBMS5G Rejuvenique Oil: http://mikaelajoysmith.mymonat.com Makeup Forever Powder Foundation: https://www.sephora.com/product/matte... Dr Teals Salt: https://amzn.to/2Hj8oXo Wear I Got my Necklace: https://bankscojewelry.com Airpods: https://amzn.to/2SCsqSa I am an amazon affiliate, and if you purchase anything through my link, I may receive a small commission.
https://www.youtube.com/channel/UC6SLBh-owgBjsDHkbP6JvxQ	Natalie Camila	https://www.youtube.com/watch?v=8stD5wmKfuU	Thank you for watching my August Beauty Favorites 2020! Let me know your current favorite products in the comments below! ____________________________________________________________________ Subscribe to my channel to see new videos every Tuesday, Thursday, and Sunday: https://goo.gl/7WZwjD ____________________________________________________________________ Products Mentioned: Insert Name Here Bun (my perfect shade is dark brown): https://inhhair.com/products/hi-im-sa... Insert Name Here Lola Ponytail: https://inhhair.com/collections/best-... ELF Restoring Facial Mist: https://bit.ly/2F8xrP0 ELF Stay All Night Setting Spray: https://bit.ly/2F7pj1v Too Faced Born This Way Matte Foundation: https://bit.ly/2EvV83v ELF BITE-SIZE FACE DUO: https://bit.ly/34pCSUq Benefit Cosmetics Brow Microfilling Eyebrow Pen: https://bit.ly/32dSF67 Laura Mercier Translucent Loose Setting Powder in Honey: https://bit.ly/34nLgDN Smashbox Always On Longwear Matte Liquid Lipstick (Liquid Fire): https://bit.ly/2KQFTVy GrandeLip Gloss: https://bit.ly/2DB5sY8 Peace Out Skincare Serum: https://bit.ly/2QYyLqq ____________________________________________________________________ Subscribe to my channel for new videos three times a week: http://www.youtube.com/c/Hashtagfablife Follow me on Instagram: https://www.instagram.com/hashtagfablife My Fashion Blog: http://hashtagfablife.com/ Twitter: https://twitter.com/ahashtagfablife TikTok: hashtagfablife Business Inquiries: hashtagfablife@gmail.com Filming Setup: Camera: http://bit.ly/2Glk7DA Lens: http://bit.ly/2Gn3JSU Mic: http://bit.ly/2DmWDek ___________________________________________________________________ Music: Glude - Breathe [NCS Release] https://www.youtube.com/watch?v=ulPvZ... Music by MYSM - Indie Feel - https://thmatc.co/?l=6A8DB77D ____________________________________________________________________ FTC Disclaimer: This video is not sponsored. Bit.ly links are affiliate links where I earn a small commission if you make purchases using my links.
https://www.youtube.com/channel/UC7DUsjnEtXDUrbzscdXzunQ	Edna Abdiaziz	https://www.youtube.com/watch?v=sKesBCPyYU4	Thank you guys for the love and support on my latest videos. With that being said now that 2019 is wrapping up I wanted to share my favorites things I tried out. Enjoy the video and like, comment and subscribe. C O N N E C T. W I T H. M E: I N S T A G R A M: @Kingedna_ S N A P C H A T: @Enbellaedna22 T W I T T E R: @Kingedna_ E M A I L: Edna.abdiasis@gmail.com
https://www.youtube.com/channel/UC7EZkeOTyjQhLC5pZMyQweQ	Madison Miller	https://www.youtube.com/watch?v=RpNqvq6c20Y	Sharing all my August Favorites & Flops! Comment down below what your August Favorites and Flops are! ‚Üí CSILK (USE CODE MADISON FOR 15% OFF) https://bit.ly/31tNbFc FTC DISCLAIMER: Always full disclosure here! This video is sponsored by CSILK. Some links are affiliate links. Some of these products were gifted to me. #augustfavorites2020 #beautyfavorites #makeupfavorites ------------------------------------ ‚Üì ALL PRODUCTS LISTED DOWN BELOW ‚Üì ‚Üí SUBSCRIBE: http://bit.ly/SUBTOMADDY ‚Üí MY ONLINE BOUTIQUE | https://shopjulietterose.com ‚Üí MY VLOG CHANNEL | http://bit.ly/1TxBSRl ‚Üí CHECK OUT MY BLOG WEBSITE | http://madisonmillerblogs.com ‚Üí TWITTER | INSTAGRAM | SNAPCHAT | FACEBOOK | madison89miller ‚Üí SIGN UP FOR NEW VIDEO NOTIFICATIONS!: https://mailchi.mp/a8eec04aa34c/madis... ------------------------------------ UPS Mailbox: 10531 4s Commons DR. #222 San Diego, CA 92127 Business Inquiries Only: madison89millerbusiness@gmail.com ------------------------------------ ‚ô° AUGUST BEAUTY FAVORITES 2020 ‚ô° ‚Üí CSILK (USE CODE MADISON FOR 15% OFF) https://bit.ly/31tNbFc ‚Üí COLOURPOP WILD NOTHING PALETTE: https://bit.ly/31IJgEu ‚Üí ILIA TRUE SKIN SERUM CONCEALER: https://shop-links.co/171684705009495... ‚Üí LAWLESS HYDRATING PRIMER: https://shop-links.co/171684707522959... ‚Üí ANASTASIA BROW DUO: https://shop-links.co/171684709528864... ‚Üí SIGMA F47: https://bit.ly/2YRY9T3 ‚Üí OBAGI PHYSICAL DEFENSE TINTED: https://bit.ly/34PTc0V ‚Üí SATURDAY SKIN GLACIER WATER CREAM: https://shop-links.co/171684712152058... ‚Üí SATURDAY SKIN BRIGHTENING EYE CREAM: https://shop-links.co/171684713705844... ‚Üí TATCHA RICE WASH: https://shop-links.co/171684715692153... ‚Üí GLOW RECIPE PAPAYA CLEANSING BALM: https://shop-links.co/171684718464158... ‚Üí SIGMA CLAY MUD MASK BRUSH: https://bit.ly/34QY5XK ‚Üí OH K! HYDROGEL SHEET MASK: https://shop-links.co/171684732948190... ‚Üí FIRST AID BEAUTY ULTRA REPAIR CREAM INTENSE HYDRATION: https://shop-links.co/171684720520317... ‚Üí IGK FIRST CLASS CONDITIONER https://shop-links.co/171684722428451... ‚Üí IGK CHARCOAL SHAMPOO https://shop-links.co/171684724189452... ‚Üí Bondi Boost: https://shop-links.co/171684731160352... ‚Üí RITUAL: https://bit.ly/2EMJ1jd ----------------------------------- KEYWORDS: august favorites 2020 august faves 2020 august beauty favorites august lifestyle favorites august makeup favorites august favorites 2020 august faves 2020 august beauty favorites august lifestyle favorites august makeup favorites august favorites 2020 august faves 2020 august beauty favorites august lifestyle favorites august makeup favorites august favorites 2020 august faves 2020 august beauty favorites august lifestyle favorites august makeup favorites august favorites 2020 august faves 2020 august beauty favorites august lifestyle favorites august makeup favorites august favorites 2020 august faves 2020 august beauty favorites august lifestyle favorites august makeup favorites august favorites 2020 august faves 2020 august beauty favorites august lifestyle favorites august makeup favorites
https://www.youtube.com/channel/UC7X7NxjUz4327gffT9M04KA	Sarah Rose	https://www.youtube.com/watch?v=H2Rjgc8S_aw	Time for my August favorites! Some of the makeup & lifestyle stuff I've been loving this month. S U B S C R I B E for new videos every Tuesday/Thursday/Saturday ‚§ë http://bit.ly/SubToSarah ‚ú∫‚ú∫‚ú∫‚ú∫‚ú∫‚ú∫‚ú∫‚ú∫‚ú∫‚ú∫ W A T C H N E X T: ‚äõ Top 10 Under $5: https://youtu.be/_kx8N8hRavc ‚äõ How Ethical are our Favorite Cruelty Free Brands?: https://youtu.be/ySOJBUfZFP0 ‚äõ Full Face of Jordana: https://youtu.be/P7URU5Vz8tU ‚ú∫‚ú∫‚ú∫‚ú∫‚ú∫‚ú∫‚ú∫‚ú∫‚ú∫‚ú∫ P R O D U C T S M E N T I O N E D: Affiliate links are used, meaning I make a small commission when you shop through these links. Thank you for supporting my channel! ‚äõ Robot Vacuum: https://bit.ly/32z1OGG ‚äõ ColourPop Miss Bliss Palette - $12 https://bit.ly/3gh4aj6 ‚äõ ELF bite size face duo in cantaloupe - $3 https://bit.ly/2ErUmVS ‚äõ Jordana Triple Play All Over Color in Spicy Rose - $4.99 https://go.magik.ly/ml/zrp6/ ‚äõ Skylar perfumes (scents: Coral, Arrow, Sun Shower) - $78 (Non-affiliate code 15KITTY for 15% off) https://bit.ly/3hGfRAp ‚äõ Drybar Triple Sec - $26 https://bit.ly/3dy30gI ‚äõ Etsy Masks (seller: EddieFamily0407) https://bit.ly/2FY7Cld ‚äõ Ivory Paper Co All in One Planner - $49 https://bit.ly/34Gwp7F ‚ú∫‚ú∫‚ú∫‚ú∫‚ú∫‚ú∫‚ú∫‚ú∫‚ú∫‚ú∫ W H A T I ' M W E A R I N G: ‚äõ Eyeshadow: ColourPop Miss Bliss https://bit.ly/3gh4aj6 ‚äõ Lips: Bite Yaysayer Gloss in Sugar Drizzle https://bit.ly/32zwasv ‚äõ Necklace: Awe Inspired ‚äõ Ring: Ana Luisa https://go.magik.ly/ml/wr10/ ‚ú∫‚ú∫‚ú∫‚ú∫‚ú∫‚ú∫‚ú∫‚ú∫‚ú∫‚ú∫ F A Q: ‚äõ What is your skin type? Acne prone & normal to dry ‚äõ Can you share your skincare routine? https://youtu.be/acJlw295jAY ‚äõ How old are you? 25 ‚ú∫‚ú∫‚ú∫‚ú∫‚ú∫‚ú∫‚ú∫‚ú∫‚ú∫‚ú∫ F I L M I N G E Q U I P M E N T: ‚äõ Camera (updated version): https://go.magik.ly/ml/z5mk/ ‚äõ Microphone: https://bit.ly/2Vfe0ZB ‚äõ Ring light: https://go.magik.ly/ml/jhgx/ ‚äõ Umbrella lights: https://bit.ly/2xLRZJC ‚äõ Editing software: Final Cut Pro https://bit.ly/2BHF9hO ‚äõ Thumbnails: https://picmonkey.love/ref/2jTBS3 ‚ú∫‚ú∫‚ú∫‚ú∫‚ú∫‚ú∫‚ú∫‚ú∫‚ú∫‚ú∫ L I N K S + D I S C O U N T C O D E S: ‚äõ SKYLAR FRAGRANCE / 15KITTY for 15% off shop here ‚§ë https://skylar.com/ ‚äõ ZION HEALTH / ROSE for 20% off scalp scrubs, ROSE10 for 10% off sitewide shop here ‚§ë https://www.zionhealth.com/ ‚äõ AETHER BEAUTY / affiliate code SARAHROSE (20% off) shop here ‚§ë https://aetherbeautyco.com/?ref=x3yui... ‚äõ FIRMOO (affordable prescription glasses) / SARAH982 (50% off) shop here ‚§ë https://www.firmoo.com/ ‚äõ A TO Z CANDLES - 10% off shop here ‚§ë http://bit.ly/2VQU8ig ‚äõ HAUTELOOK / discounted high-end makeup & more shop here ‚§ë http://bit.ly/2LxPMHz ‚äõ RAKUTEN / cash back for online shopping - $10 welcome bonus sign up here ‚§ë https://www.rakuten.com/r/SRLAND17?ee... ‚äõ THINX / period panties - $10 off referral shop here ‚§ë https://bit.ly/2ZuIrOp ‚ú∫‚ú∫‚ú∫‚ú∫‚ú∫‚ú∫‚ú∫‚ú∫‚ú∫‚ú∫ A B O U T M E: Welcome to my channel! My name is Sarah and I'm a twenty-something living in Georgia, USA. This channel is all about beauty and mindful consumerism. Subscribe for project pans, beauty budgeting, reviews on budget-friendly makeup & skincare, and more! ‚ú∫‚ú∫‚ú∫‚ú∫‚ú∫‚ú∫‚ú∫‚ú∫‚ú∫‚ú∫ S T A Y I N T O U C H: ‚äõ Email: kittyapprovedbeauty@gmail.com ‚äõ Instagram & Twitter: @kitty_approved ‚äõ PO Box: please email me for mailing info ‚ú∫‚ú∫‚ú∫‚ú∫‚ú∫‚ú∫‚ú∫‚ú∫‚ú∫‚ú∫ C R U E L T Y F R E E: Unless otherwise noted, all products on my channel are certified cruelty free by either Logical Harmony or Leaping Bunny at the time of filming. ‚äõ Logical Harmony: http://bit.ly/2edpXXR ‚äõ Leaping Bunny: https://www.leapingbunny.org/guide/br... ‚äõ What is animal testing? http://bit.ly/2ksEIKM ‚ú∫‚ú∫‚ú∫‚ú∫‚ú∫‚ú∫‚ú∫‚ú∫‚ú∫‚ú∫ F T C / D I S C L A I M E R: This video is not sponsored and all opinions are my own. Some links are referral and/or affiliate links. If you purchase a product through one of those links, I‚Äôll receive a small commission at no extra cost to you. If you choose to use those links, I really appreciate your support! Music by Mark Generous - Meet Me At The Ferris Wheel - https://thmatc.co/?l=702C164E
https://www.youtube.com/channel/UC80zmRV3M2utYDu-FRqAnqQ	Emily Freybler	https://www.youtube.com/c/EmilyFreybler/videos	Hello! Today I'm sharing my favorite drugstore nude lipsticks! These are my go to shades for any time of year when it comes to lip liners, lipsticks, and glosses. I hope you enjoy! CLICK THIS LINK FOR LINKS TO ALL PRODUCTS MENTIONED: https://emilyfreybler.com/2020/09/02/... RECENT VIDEOS SPRING & SUMMER MAKEUP FAVORITES https://youtu.be/d-cSzm88YXA EASIEST WAY TO APPLY FALSE LASHES?! | KISS LASH GLUE LINER REVIEW https://youtu.be/vO5tf5uoFlM AMAZON TRY ON ACTIVE WEAR HAUL https://youtu.be/0yK_WdwWsA4 BLOG: https://www.emilyfreybler.com INSTAGRAM: https://www.instagram.com/emily_freyb... PINTEREST: https://www.pinterest.com/efreybler/ AMAZON STOREFRONT: https://www.amazon.com/shop/emilyfrey... Use EMILYF at https://www.sigmabeauty.com for 10% off FAVORITE Foundation Brush https://sigma-beauty.7eer.net/c/12668... FAVORITE Brush Cleansing Mat https://sigma-beauty.7eer.net/c/12668... FACTS ABOUT ME! Graduated from Michigan State University üíö 24 years old üòä Been on YouTube since September 2015 üì∑ Animal lover üê∂ Did gymnastics for 10 years ü§∏üèº‚Äç‚ôÄÔ∏è Super close to my family üë®‚Äçüë©‚Äçüëß‚Äçüëß Been dating my boyfriend for 7 years ‚ù§Ô∏è FILMING EQUIPMENT Canon 80D https://amzn.to/2MqSJ9J Two soft boxes and a ring light from amazon http://amzn.to/2xsysNl Affordable Canon Lens https://amzn.to/2l9fwux Sigma 17-50 2.8 Lens http://amzn.to/2fXSdkH Rode Videomic Go (not my favorite but it works) http://amzn.to/2ybNVAc DISCLAIMER: This video is not sponsored. All opinions are my own and always will be. This description contains affiliate links, which means that if you click on one of the product links, I will receive a small commission. This helps support the channel and allows me to continue to make videos like this. Thank you for the support!
https://www.youtube.com/channel/UC86TkP77qAgmmhqBf-vEfsg	Eris Maceda	https://www.youtube.com/watch?v=O3Tzw7N479g	LAST VIDEO: https://youtu.be/7X0oPlXdbmA LAST VLOG: https://youtu.be/plJ6VYpxnkA Playlist: Eris Maceda's Social Media: INSTAGRAM https://www.instagram.com/krizi_maceda/ TWITTER: https://twitter.com/ErikaKrisMaceda For Sposorships, Collabs and Inquiries please email me at: EMAIL: erikakristelmaceda@gmail.com Hi! I am Eris Maceda. Thank you so much for clicking my video. I am a Grade 10 student from the Philippines. I am a makeup enthusiast! I love Makeup and being in the Philippines it will be so hard to look for makeup that are worthy of your money. So I am here to help you find that makeup. GOD IS GREATER THEN THE HIGHS AND LOWS Romans 8:28-29
https://www.youtube.com/channel/UC8gaiQHu6uEfWa87kZ0_FkQ	MrsMelissaM Beauty	https://www.youtube.com/watch?v=fm9PCFH9WYw	"
Contact or PR mmulder1026@gmail.com

*The items listed below are accompanied by affiliate links, meaning I earn a small commission if a purchase is made through my links. This has no impact on the cost to you the consumer. I link to products this way whenever possible, and it has no bearing on the products I choose to review or recommend because all products can have links attached to them, no matter what they are. I would link the products on Ulta/Sephora/etc website anyway as a means of connecting you to the products, so now it simply offers the potential for a slight financial benefit to me, which I greatly appreciate as I've not done sponsored videos. Feel free to use, or not use, the links provided. And if you decide to use them, thank you so much for helping to support my channel.
#favsandfails #over50makeup #monthlyfavorites"
https://www.youtube.com/channel/UC8jtW1o6DvRP_Brmbtwz6oA	Dear Wallet	https://www.youtube.com/watch?v=MjYCloZT44w	    Hey guys, In this video I have shared my May Favorites, this is a series that I started last year but could not continue it so I'm starting it again, Hope you will enjoy the video .................................LIKE,SHARE AND SUBSCRIBE..................... DISCLAIMER - Not a sponsered video, all the products are brought By me. FOR COLLABORATION - Dmadhusmita48@gmail.com Products mentioned : pixi glow tonic : https://nyk0.page.link/8Z599zpfMoNQFTRt5 suganda BHA Exfoliating Serum : https://suganda.co/collections/exfoli... Dot & key sleeping mask : https://nyk0.page.link/jvtzvg5xA6HDvzTX8 **Copyright** 
https://www.youtube.com/channel/UC8Nq-SrQLyc0DYuPrj0Y9uw	Pampered Wolf	https://www.youtube.com/watch?v=liSZ_dB6MvM	August was a good month in so many ways. Here are all my favourites and fails from the products I tried out in the month of August. PRODUCTS MENTIONED THE INKEY LIST 100% Mineral SPF 30 - ¬£14.99 Uk & Worldwide - https://bit.ly/2YgRYIe MY BEAUTY BRAND - https://www.mybeautybrand.com/ Pure Power Blush ((Miki Pink) - ¬£18 Sheer Brilliance Highlighter (Jacqueline Gold) - ¬£18 Total Colour Matte Eyepaint (Elliot Brick 110) - ¬£14.50 Total Colour Pearl Eyepaint (Jingyan Pearl Ice 254) - ¬£15 Intense Matte Liquid Lipstick (Martha Pale Mauve) - ¬£16 RITUALS The Ritual Of Jing - Limited Edition - ¬£40 - ¬£80RRP Uk & Worldwide - https://bit.ly/3aHcMgF The Ritual of Jing Body Scrub (70ml) ‚Äì ¬£5.20 - https://bit.ly/329ugP0 (bigger size) The Ritual of Jing Hand Lotion (70ml) ‚Äì ¬£9.90 - https://bit.ly/3iX3CQo The Ritual of Jing Shower Oil (200ml) ‚Äì ¬£8.50 - https://bit.ly/3j0ljyb The Ritual of Jing Pillow Mist (50ml) ‚Äì ¬£17.50 The Ritual of Jing Scented Candle ‚Äì ¬£19.90 The Ritual of Jing Body Cream (220ml) ‚Äì ¬£18.50 - https://bit.ly/3aGLc3l MAKUP WORN TRINNY LONDON WEBSITE https://trinnylondon.com BFF Cream (Light) - ¬£35 BFF Eye (Victoria) - ¬£26 Just A Touch (Zandy) - ¬£28 Golden Glow (Jenster) - ¬£25 The Right Light (Starlight) - ¬£25 Face Finish - ¬£25 Eye 2 Eye (Hope) - ¬£18 Eye 2 Eye (Truth) - ¬£18 Flush Blush (Wiggs) - ¬£20 Lip Love (Sacha) - ¬£24 Lip Light (Grace) - ¬£24 Eye 2 Eye (Courage) - ¬£18 Eye 2 Eye (Fortitude) - ¬£18 FURTHER INFORMATION My skin type is combi/dry most of the month, but when hormonal, my skin gets very oily around my t-zone. It's very unpredictable (thanks skin) and I suffer from breakouts (mostly hormonal breakouts...thanks again hormones!) JEWELLERY The jewellery in this video was given to me by a company called Italo. If you‚Äôd like to buy them you can use the code GEMMA20 for 20% off code: GEMMA20 -20% off The hoop earrings: https://bit.ly/3fi6Lsi The yellow amber cushion ring: https://bit.ly/3enMCjD MY CURRENT FOUNDATION SHADE MATCHES MAC - NW13 YSL BD25 CHANEL B10 DIOR - 0N TOO FACED - Swan/Almond HOURGLASS - Shell NARS - Gobi URBAN DECAY - 30CG ESTEE LAUDER - 1N0/2N1 LAURA MERCIER - 2N1.5 BARE MINERALS - Barely Light/Birch 1.5 FENTY BEAUTY - 120/150 SHISEIDO - 160 Shell CHARLOTTE TILBURY - 3N ZOEVA - 030N/050N STILA - Fair 2 NO7 - Calico CYO - 102/103 mixed REVOLUTION PRO - F1/F4.5/5.7 ELF - Fair/Light PHYSICIANS FORMULA - LN3 MAYBELLINE - True/Ivory LOREAL - 20 Ivory REVLON - 200 Nude OTHER VIDEOS YOU MIGHT LIKE TO WATCH Current Morning Skincare Routine https://youtu.be/R95TcYeD_6s Current Evening Skincare Routine https://youtu.be/6rq3USs6vRg Beginners Guide To Tretinoin https://youtu.be/oP6z-9kUu5Y How to use an oil cleanser correctly https://youtu.be/suacgx2L0tE Mum's Over 65 Daily Skincare Routine https://www.youtube.com/watch?v=TaA6r... The Best 6 Anti-Aging Ingredients https://www.youtube.com/watch?v=2WX-e... How to apply Foundation Flawlessly https://youtu.be/QgJIwQxGPeg How To Stop Concealer Creasing https://www.youtube.com/watch?v=5UjC_... Best Tinted Moisturisers https://www.youtube.com/watch?v=FIu65... * DISCLAIMER - I am a qualified Aesthetician but no longer practice in a clinic or a salon as my full-time job is now Youtube. I AM NOT A QUALIFIED MAKE-UP ARTIST. Although I have an in depth knowledge about the skin, and do extensive research before filming to check facts, the opinions expressed in this video are my own. ANY FACTUAL INFORMATION WAS CORRECT AT THE TIME OF FILMING.
https://www.youtube.com/channel/UCa9MM0dvqNIi-1DUniDvVow	Lauren Sklar	https://www.youtube.com/watch?v=Lnnb5fMnljQ	Hey guys!! Today, I‚Äôm talking about products I love to use to pamper myself. I talk about a hair mask, lip balms, body care, and other products that I love to use to treat myself and practice self care. I hope you enjoy the video!! Be sure to subscribe if you are not already don‚Äôt forget to tell you friends about my channel! I am so thankful for each and every one of you and all of your support! Love you guys! #selfcare SOCIALS: INSTAGRAM: @LAURENSKLAR (https://www.instagram.com/laurensklar/) TWITTER: @LAURENSKLAR_ (https://twitter.com/laurensklar_) PINTEREST: @LAURENSKLAR_ (https://www.pinterest.com/laurensklar_/) For Business inquiries only: Laurenesklar@gmail.com Check out my other videos: Lifestyle Favorites: https://youtu.be/3zl8ijNAhMU Beauty Empties // Products I've Used Up: https://youtu.be/N9LFhDGx8WU Eyeshadow Palette Collection: https://www.youtube.com/watch?v=SIiI7... New Makeup Releases March 2020: https://www.youtube.com/watch?v=ticdQ... March Beauty Favorites: https://www.youtube.com/watch?v=MPCcI... Ulta 21 Days of Beauty Spring 2020: https://www.youtube.com/watch?v=tzGJq... What‚Äôs in my Travel Makeup Bag: https://www.youtube.com/watch?v=9voqv... FAIR USE COPYRIGHT DISCLAIMER: The footage and/or images used in this video fall under section 107 of the Copyright Act of 1976, allowance is made for ‚Äúfair use‚Äù for purposes such as criticism, comment, news reporting, teaching, scholarship, education and research. Fair use is a use permitted by copyright statute that might otherwise be infringing. FTC DISCLAIMER: This video is NOT SPONSORED. All opinions are my own, honest opinions, regardless of sponsorship, referral links, and/or affiliation. Links denoted with a ‚ùã denotes a referral and/or affiliate link. I earn a commission when the links provided below with an ‚ùã are used. These links come from Reward Style. Products-- *Slip Silk Small Scrunchies $39: https://rstyle.me/+dz09Cf99AokUPSswvA... *Briogeo Don‚Äôt Despair, Repair Deep Conditioning Hair Mask $36: https://rstyle.me/+JHop6pmP10wK7XS9qy... *Dr Teal‚Äôs Soothing Eucalyptus and Spearmint Lotion $5: https://rstyle.me/+28V-DfPR5vuekxWWQy... *Tazo Zen Green Tea $4: https://rstyle.me/+KYbsj255tknEmUgob_... L‚Äôoreal Pure Sugar Scrub Soften + Nourish $10: https://www.amazon.com/LOr%C3%A9al-Pa... *Essie Nail Polish in Ballet Slippers $9: https://rstyle.me/+Y1XvR5y8JYMoxjadoV... *Briogeo B. Well Organic + Cold-Pressed Castor Oil $26: https://rstyle.me/+_mfKLIsk0gWhi2BhHC... *Laneige Glowy Lip Balm in Grapefruit $17: https://rstyle.me/+ym5WgzXY1inlrPdQsh... Vaseline Lip Balm in Creme Brulee $2: https://www.walgreens.com/store/c/vas...
https://www.youtube.com/channel/UCacJxB8qr69BTuUn2EPuI6A	Ivana Cora	https://www.youtube.com/watch?v=9E8U3IEmf9U	"SHOW LESSHey everyone!
Heres a current favorites! Its been forever since I've done one of these!"
https://www.youtube.com/channel/UCbDy5VXmH1rc0n48LyWKRBw	PENN.SMITH.SKINCARE LLC	https://www.youtube.com/watch?v=RqGPd5JTDv8	 Information on this Youtube channel should not be considered as a substitute for advice from a healthcare/skin professional. The statements made about specific products throughout this video are not to diagnose, treat, cure or prevent disease. It is important that you check labels to determine if a product is right for you. Before starting any treatment at home consult a health care or skin care professional to determine if it‚Äôs right for you.
https://www.youtube.com/channel/UCbhsiSTN5Y0fwb_LNUg2AjQ	Abby Bliss White	https://www.youtube.com/watch?v=7AVrLST57hc	"  Hello, My Beautiful Friends!  



FTC disclosure: This post or video contains affiliate links, which means I may receive a commission for purchases made through my links.  
All my opinions about products and services are my OWN but I appreciate the support if you would like to purchase through the affiliate links.  THANK YOU!"
https://www.youtube.com/channel/UCbJjGAfWJWMnrCBIj_WnRag	Miss K Makeup	https://www.youtube.com/watch?v=za2mSYCpI-Q	Hello everybody and Welcome back to Miss K Makeup!
https://www.youtube.com/channel/UCbrIQFE2Y2N8kUVEmgNDcGg	Chic Geek	https://www.youtube.com/watch?v=tE8CxPsvmIs	open for more info :) WATCH IN HD Thank you for watching and if you enjoy my videos please subscribe! I upload new beauty videos every week including makeup reviews, project pans, pan that palette, empties, and shop my stash videos! I upload 5 new videos every week!. ~SUBSCRIBE~ https://www.youtube.com/channel/UCbrI... My Instagram: https://www.instagram.com/chicgeekmak... ALSO WATCH: ND Safari Palette GRWM: https://www.youtube.com/watch?v=oP9Be... My Haircare routine and how I style my hair: https://www.youtube.com/watch?v=4zlLy... Makeup Inventory August 2020: https://www.youtube.com/watch?v=dxlmN... Ranking My Entire Eyeshadow Palette Collection: https://www.youtube.com/watch?v=P95x_... Makeup Declutter: https://www.youtube.com/watch?v=9MLip... My 10 Best Purchases of the Year So Far: https://www.youtube.com/watch?v=_icpC... Every Eyeshadow Palette I have decluttered:https://www.youtube.com/watch?v=6hCjz... Project Pan 2020 Playlist: https://www.youtube.com/playlist?list... Pan that palette 2020: https://www.youtube.com/playlist?list... Empties playlist: https://www.youtube.com/playlist?list... Ranking Makeup Playlist: https://www.youtube.com/playlist?list... Shop My Stash:https://www.youtube.com/playlist?list... For business inquiries: chicmakeup126@gmail.com My Affiliate Links/Codes: Verb Hair Products You get 10% off your first purchase using my link: http://bit.ly/2qwlWdp Practk by Sigma: http://practk.pxf.io/c/1985532/306523... Check out SashkaCo Bracelets which are handmade in Nepal! http://lddy.no/9xxa I created Project Pan Merch! Check it out here: https://teespring.com/stores/chic-geek-2 My Shopping Links if you shop through these links it helps me out! Ulta https://go.magik.ly/ml/xsbp/ Sephora https://go.magik.ly/ml/xqxc/ Target https://go.magik.ly/ml/xqxd/ Pat McGrath Labs: https://go.magik.ly/ml/xqxg/ FTC: This video is not sponsored, some of the links are affiliate links. What I'm Wearing and Products Mentioned: These are affiliate links if you use them thank you so much! Ofra samantha march highlighter https://go.magik.ly/ml/wayh/ ABH Nicole glowkit https://go.magik.ly/ml/uxjj/ Nyx butter glosses in eclair and creme brulee https://go.magik.ly/ml/uttb/ Wetnwild send nudes https://go.magik.ly/ml/v5rt/ Beauty vaulte kozy kira lip liner ND Safari palette JH morphe palette Single eyeshadows: coastal scents paprika, colourpop fairplay and facet, devinah LMAO Tarte toasted palette https://go.magik.ly/ml/uxiy/ Milani blush tea rose https://go.magik.ly/ml/utww/ Bare minerals bronzer faux tan https://go.magik.ly/ml/uz7f/ Milani foundation https://go.magik.ly/ml/uun4/ Elf hydrating camo concealer https://go.magik.ly/ml/vl6o/ Charlotte tilbury filmstar bronze and glow https://go.magik.ly/ml/utvt/ Catrice champagne campaign highlighter https://www.catricecosmetics.com/prod...
https://www.youtube.com/channel/UCbUppBy95J7PQ6UciF3x_2A	Simply Hope	https://www.youtube.com/watch?v=Nk0X-9f3ulw	Here is yet another vlog of some randomnesss over the week! I got so much awesome feedback from the previous one, so I hope you enjoy! xoxo ‚ùã SUBSCRIBE FOR MORE VIDEOS: http://bit.ly/subtohoped  ‚ùã MY FAMILY'S CHANNEL: http://bit.ly/lifeaftermom ‚ùã Instagram, Twitter, Snapchat: @simplyhope12 SHOP MY MERCH ‚§è https://teespring.com/stores/simply-hope PRODUCTS MENTIONED ‚§µ Nume 32mm wand: https://numeusa.com/collections/curli... Lange 25mm wand: https://langehair.com/collections/cur... VIDEOS MENTIONED ‚§µ Shop my stash: https://www.youtube.com/watch?v=Dh9E9... Everyday makeup grwm: https://www.youtube.com/watch?v=bcWQN... Vlog with Bella & Eva: https://www.youtube.com/watch?v=fTals... Beau‚Äôs channel: https://www.youtube.com/channel/UC_mP... VIDEOS TO WATCH NEXT ‚§µ ‚§è Declutter Series Playlist http://bit.ly/2kCNvwQ ‚§è Monthly Favorites Playlist http://bit.ly/2fsdlRN ‚§è Special Guest Playlist http://bit.ly/2kCWrSS CONTACT ME ‚§µ ‚§è Feel free to contact me if you are interested in working with me. BUSINESS/COLLAB EMAIL: simplyhoped@gmail.com LINKS, CODES, DISCLAIMER + MORE ‚§µ Referral Links: https://www.magiclinks.org/rewards/re... What I use for Thumbnails: https://picmonkey.love/ref/5664gM Make Money While Shopping Online: http://bit.ly/2o7ngOa ‚§è Use my link to get a free $10 when you sign up! Lash Serum I use & LOVE: https://babelash.com ‚§è Use code LASHLOVE20 for 20% off your order Gerard Cosmetics: http://bit.ly/2Wr8SF2 My Favorite Hair Tools: https://numeusa.com/?ref=simplyhope ‚§è FTC DISCLAIMER: This is not a sponsored video. Most links ARE affiliate links, meaning I make a small commission if you choose to purchase from my link. If you choose to use my links, THANK YOU!!! ‚§è Music: www.bensound.com or NoCopyrightSounds. #weeklyvlog #simplyhope
https://www.youtube.com/channel/UCC1tWa9jHjcGQmfVrwn_CxQ	Nikita Faulkner	https://www.youtube.com/watch?v=-xK50851PoE	Hi loves! This is my year in makeup review. I used all these product on my face today and I look flawless. I hope you can get your hands a lot of these products I recommend.
https://www.youtube.com/channel/UCCgbPq9LSkWX6XcbCpZfKfQ	Esmeralda Gudino	https://www.youtube.com/watch?v=Pca8PDGzdlo	"hey babes ‚ô°

hope you guys enjoy this video! If you guys have other favorites that you trust and love let me know down below!! 



DISCLAIMER: This video is NOT sponsored. Some  of the discount codes are affiliate links, meaning that I will receive a small commission after a purchase is made. This helps support our channel and allows me to continue making videos for you all! :)"
https://www.youtube.com/channel/UCCMNQU4FO-NVHXs7aHN_t_w	Ravishing Beauty	https://www.youtube.com/watch?v=J0lwsPYFeiQ	Here are some of our makeup favorites we use we explain why this is are some of our favorite makeup must haves #makeupfavorites #makeupmusthaves #beauty #lipstick #foundation #eyeliner #eyebrows
https://www.youtube.com/channel/UCcng5aBy0ZmX7g2PfHf4gJA	Ali Andreea	https://www.youtube.com/watch?v=EahjQjmieXE	"Hi everybody, 

The title says it all. This video is all about cream and liquid  blushes I think are the best! Any favorite of yours, too?


DISCLAIMER:: This video is NOT sponsored! Some of the links I‚Äôm using are affiliate links which means  if you click on one of the product links and make a purchase I may receive a small commission, but that does NOT change the price of the product in any way. This would help me and my channel to support on creating more videos. Thank you very much for your support !"
https://www.youtube.com/channel/UCCnngeLwoZCSSuSs9ePuDqA	Morgan Turner	https://www.youtube.com/watch?v=Dvsi6WX7HRs	Hi guys! In today's video I will be sharing with you my favorite beauty products for the month of August! Enjoy! Follow me on social media!
https://www.youtube.com/channel/UCCp_Ay_HBALyO1xOOsRSNvQ	Courtney K	https://www.youtube.com/watch?v=iK38H9BN4iE	Hey everyone! I wanted to share my recent makeup favorites with you all, so here they are! Hope you enjoy the video :) Please comment, like this video, and subscribe to my channel! :) Lisa I: https://www.youtube.com/user/lisainfa... PRODUCTS MENTIONED: - Too Faced Major Hangover Rx face primer - Makeup Revolution Fast Base Stick Foundation in F4 - Found Beauty Baked Illuminating Blush in Peach Glow - JCat Beauty You Glow Girl Baked Highlighter in Crystal Sand - PLouise Base in Rumour 1 - Covergirl Exhibitionist lip gloss - Mario Badescu Rose lip balm Check out my other videos! Finish 5 By Fall! | Project Pan Update #1 https://youtu.be/8Or5IoKRMKc Will I Buy It? #1 *Roasting New Makeup Releases* https://youtu.be/B9vlbW_7byw Pan That Palette 2020: Update #3 https://youtu.be/jEHQ3RsFXMY Flashback Favorites! Revisiting Fall & Winter 2018 https://youtu.be/8WPUbzKqJP0 Thank you for watching! For business inquiries, please contact me at cnkane17542@gmail.com ‚ô• Courtney MY SECOND CHANNEL - CNK Equestrian https://www.youtube.com/channel/UCC7j... Personal Instagram: courtneykanee Beauty Instagram: courtneykbeauty MUA Instragram: courtneykmua Equestrian Instagram: cnkequestrian Disclaimer: This video is not sponsored.
https://www.youtube.com/channel/UCCRUCLnAizNQr85SM7emGmw	MacKenzie Graham	https://www.youtube.com/watch?v=ezEvkjqET_I	My current makeup favorites! From Target, Sephora, Kylie, Jeffree Star and more! WATCH ME ORGANIZE MY MAKEUP: https://www.youtube.com/watch?v=rtw_3... Follow me on Instagram: https://www.instagram.com/mackenzieeg... LINKS IN ORDER: Rodial Primer: https://www.skinstore.com/rodial-soft... Too Faced Hangover Primer: https://www.sephora.com/product/hango... Elf Poreless Putty Primer: https://www.target.com/p/e-l-f-porele... L‚ÄôO‚Äôr√©al Infallible Foundation: https://www.target.com/p/l-oreal-pari... Fenty Foundation: https://www.sephora.com/product/pro-f... Butter Bronzer: https://www.target.com/p/physician-s-... Mac Peachtwist: https://shop.nordstrom.com/s/mac-powd... Brow Wiz: https://shop.nordstrom.com/s/anastasi... Colour Pop Concealer: https://colourpop.com/pages/search-re... Morphe x Jaclyn Hill Palette: https://www.morphe.com/collections/ja... Kylie Cosmetics Palettes: https://www.kyliecosmetics.com/collec... Sephora Pro Palette: https://www.sephora.com/product/sepho... Cover fx Enhancing Drops: https://www.ulta.com/custom-enhancer-... Wet n Wild Highlighter: https://www.target.com/p/wet-n-wild-m... Jeffree Star Highlighter: https://jeffreestarcosmetics.com/coll... Velour Strip Lashes: https://www.sephora.com/product/fluff... Eylure London Strip Lashes: https://www.target.com/p/eylure-false... Mac Lipstick: https://shop.nordstrom.com/brands/mac... Nars Lipstick: https://shop.nordstrom.com/sr?origin=... Kylie Liquid Lipsticks: https://www.kyliecosmetics.com/collec... Jeffree Star Liquid Lipsticks: https://jeffreestarcosmetics.com/coll... Bausch+Lomb Redness Eyedrops: https://www.target.com/p/lumify-eye-d... See you in the next one! -MacKenzie Graham
https://www.youtube.com/channel/UCcW97jyI2g8NGEI5rkOqqiQ	Anya	https://www.youtube.com/watch?v=UEw-VKsUd38	   my name is anya and i'm someone who has a wonderful obsession with painting my face. i make tutorials, vlogs and reviews, and every video i make is geared towards anyone who wants to have an opportunity to express who thD73ey are, using their face as a canvas for the world to see. let's be creative together #anyaalbuquerque #makeupfavorites #colorfulmakeupa60:AMJ#REF!D49
https://www.youtube.com/channel/UCd7IT_M09580Ot6QnODtTDw	Nikki's Makeup	https://www.youtube.com/watch?v=azDdtBGB7FQ	August 8,2020 Hello everyone and welcome back to my channel!!!! Today I am sharing another favorite's video.. My favorite skincare for August 2020. If you enjoyed watching this video please consider SUBSCRIBING and Giving a BIG THUMBS UP. Also be sure to share. ------------------------------------------------------------------------------------------------------------------------ Video edited on: Final Cut Pro ----------------------------------------------------------------------------------------------------------------------- Edited By: My Hubby Zac ----------------------------------------------------------------------------------------------------------------------- Music By: Blue Skies Silent Partner ( No Copyright Music) ------------------------------------------------------------------------------------------------------------------------ If any company is interested in working with me, or wishes to send me products to try out please email me at: Email: NicoleAshleybeauty@gmail.com ---------------------------------------------------------------------------------------------------------------------------
https://www.youtube.com/channel/UCD9FvWCG9DZB6fl5y4h4c3Q	Santastic Beauty	https://www.youtube.com/watch?v=vHGtzEiCGCs	"Hey everyone! Today I'll be sharing my favorite beauty products from the month of April 2020. This month I have haircare and makeup that I wanna share with you. Let me know in the comments what you‚Äôve been loving this month! I hope you all have a wonderful day! Thank you so much for your love and support ‚ù§ ‚ô° NEXT TO WATCH ‚ô° Catrice Poreless Perfection Mousse Foundation First Impressions, Review + Wear Test https://youtu.be/09-_jFsZ7Zc EMPTY BEAUTY PRODUCTS | Would I repurchase? I Part 1 https://youtu.be/-thl8u5Qwbc BEAUTY EMPTIES I Beauty Products I've used up I Part 2 https://youtu.be/cBbflrkC8wc COME SAY HI! Instagram: @santasticb https://www.instagram.com/santasticb/... #aprilfavorites #beautyfavorites I just can't wait to share all the beauty products with you that I've loved using especially in the month of April 2020. Because of the current quarantine situation I've only got two new beauty products, all the other ones are oldies but goodies :). I've tested these products multiple times and I just love all these beauty products. That's the reason why I've included all these makeup und haircare products in this April 2020 Beauty Favorites video. ‚ô° Camera ‚ô° Sony Alpha 5100 ‚ô° Editing Software ‚ô° Filmora ‚ô° Music ‚ô° Youtube Audio Library: Carefree from Kevin MacLeod licensed under the license ""Creative Commons Attribution (https://creativecommons.org/licenses/...) Source: http://incompetech.com/music/royalty-... Artist: http://incompetech.com/ *** I have bought and paid for all the products shown in this video myself. It¬¥s, as always, my own honest and uninfluenced opinion ‚ô°"
https://www.youtube.com/channel/UCDaHObo764JjNNdWj_9HRaw	skinBEAUTIFUL RX - Leah Parks	https://www.youtube.com/watch?v=AWbzs2-qh3c	SUBSCRIBE to My Channel for more Beauty & Skincare Shop with me at www.SkinBeautifulRX.com where you can find the best medical and clinical skincare and clean beauty products! Products Discussed- CODE: LEAH20 for 20% off + Free Shipping at www.skinbeautifulrx.com HelloFresh- WWW.HELLOFRESH.COM Fitglow Beauty Peach and Eye Bright Concealers (save 20% with Promo Code: LEAH20) Peach- https://www.skinbeautifulrx.com/store... Eye Bright- https://www.skinbeautifulrx.com/store... Vivier TMR- ANTI WRINKLE SERUM (MUST HAVE) https://skinbeautifulrx.com/collectio... Marc Jacobs Gel EyeShadow Powder in Melon https://www.marcjacobsbeauty.com/high... Sigma Beauty Cor De Rosa Palette https://www.skinbeautifulrx.com/store... Armani Lip Stick Rouge in 506 https://www.giorgioarmanibeauty-usa.c... Givenchy Lip Balm Perfect Pink- https://www.givenchybeauty.com/us/p/l... Blue Pink- https://www.givenchybeauty.com/us/p/l... Evolvh Hair Care https://www.evolvh.com/ Juliette has a gun- Vanilla Vibes https://skinbeautifulrx.com/collectio... AND OF COURSE ALL OF YOU! Follow Leah on Insta- LEAHPARKS614 & Thank you guys for all of your support! it means the world to me. Please Like & Subscribe to skinBEAUTIFUL RX! You can subscribe here: https://www.youtube.com/channel/UCDaH... Follow us on Instagram and Facebook: www.facebook.com/skinbeautifulrx www.instagram.com/skinbeautifulrx All products have been purchased by me. This is not a paid ad. All opinions are my own. Send me mail! Leah at SBRX 6956 E Broad Street 229 Columbus, Ohio 43213
https://www.youtube.com/channel/UCDBXcsNEzrTtFI5CdHNptvQ	Allison Corinne	https://www.youtube.com/watch?v=ZqxEjKbek3c	March was approximately 5000 years but April was gone in 2 seconds... what happened?? I'm sharing some of my favorite things from April, including a scalp brush, a new favorite beauty brand, and food favorites! ------------------------------- FOLLOW ME ‚ñπ INSTAGRAM ‚Ä£ https://instagram.com/byallisoncorinne ------------------------------- THINGS MENTIONED ‚ñπ Scalp Massage Brush https://amzn.to/3fxLA6d Tower 28 BeachPlease Luminous Tinted Balm in Magic Hour, Golden Hour https://bit.ly/2WV44Ft Tower 28 ShineOn Lip Jelly in Fire, XOXO https://bit.ly/3fzUIax KL Polish in Pistachio Ice Cream (discontinued) Zara Knit Jogging Pants https://go.zara/2zlxSmv Missguided White Sweatshirt https://bit.ly/2Wjcvel Missguided White Joggers https://bit.ly/2LiDXm4 Toni Sevdalis's Tie-Dye Video https://bit.ly/2LdBPvU Talenti Layers Salted Caramel Truffle Gelato https://bit.ly/3fyamTK Alyssa Lenore https://www.instagram.com/alyssa.lenore kinda cool https://www.instagram.com/__kindacool/
https://www.youtube.com/channel/UCdNEHuHM-bT2W_8n7u_pveA	Amy Bensen	https://www.youtube.com/watch?v=IOLNFQ99Ngc	Products mentioned: EltaMD Sunscreen: https://www.dermstore.com/product_UV+... Charlotte Tilbury Light Wonder, shade used 5: https://www.nordstrom.com/s/charlotte... Tower 28 Beach Please Creme Blush in Magic Hour: https://www.sephora.com/product/beach... L‚ÄôOreal Unlimited Mascara: https://www.ulta.com/unlimited-length... Bumble and Bumble Glow Blow Dry Accelerator: https://www.ulta.com/bb-glow-blow-dry... Viseart Paris Edit Eyeshadow Palette: https://www.sephora.com/product/visea... Maybelline Color Strike Eyeshadow Pen in Spark: https://www.ulta.com/color-strike-cre... No7 Lift and Luminate Finishing Powder:
https://www.youtube.com/channel/UCduKAHWdSkxbjrYOQTQC0GQ	ThruHelensLens	https://www.youtube.com/watch?v=tAmgXQZN2xM	I'll be showing my daily affordable k-beauty makeup favorites in my get ready with me for work from home in 2020! I've been working from home nowadays, so here's a quick video. Planning to post a budgeting video and some k-beauty/fashion hauls soon, so stay tuned for that! THANKS SO MUCH FOR 1K btw, especially you guys who are new from tiktok! So so grateful for you all, and hopefully I can create more content that you guys wanna watch~ Leave me video suggestions in the comments / DM me on IG / comment on my tiktoks! I respond to every comment :) follow me---------------------------------------------- tiktok: @thruhelenslens instagram: https://www.instagram.com/thruhelensl... twitter: https://www.twitter.com/thruhelenslens/ facebook: https://www.facebook.com/thruhelenslens/ business inquiries only: thruhelenslens@gmail.com mentioned---------------------------------------------- Papa Recipe Honey Moist Sun Essence ‚Ü≥ https://sokoglam.com/products/papa-re... Moonshot Micro Settingfit Cushion Foundation #301 Honey ‚Ü≥ https://www.yesstyle.com/en/moonshot-... A'PIEU Moist Creamy Concealer - #4 ‚Ü≥ https://www.yesstyle.com/en/apieu-moi... ABH Brow Wiz - Taupe ‚Ü≥ sephora.com/product/brow-wiz-P202633 Colourpop Disney Designer Collection Palette - Triton ‚Ü≥ https://colourpop.com/products/its-a-... UZU Eye Opening Liner - Black ‚Ü≥ https://www.uz.team/eyeopeningliner/o... Heroine Make Long and Curl Mascara - Black ‚Ü≥ https://www.yesstyle.com/en/isehan-ki... Eglips Blur Powder Pact ‚Ü≥ https://www.yesstyle.com/en/eglips-bl... 3CE Mood Recipe Blush - Rose Beige ‚Ü≥ https://www.yesstyle.com/en/3ce-mood-... 3CE Cheek Maker - Honey Brown ‚Ü≥ discountinued ‚Ü≥ similar: https://www.yesstyle.com/en/3ce-face-... 3CE Mood Recipe Lipstick - #115 Muss ‚Ü≥ https://en.stylenanda.com/product/3ce... #dailykbeautymakeup #kbeautyfavorites #thruhelenslens music---------------------------------------------- Music by Eric Reprid - Don't Worry - https://thmatc.co/?l=17CBBECB Music by Reggie San Miguel - Choices. - https://thmatc.co/?l=5782042 disclaimer---------------------------------------------- ‚Ü≥ FTC: This video is not sponsored! Some of the links above are affiliate links, which means I would be able to earn a commission on the products sold. You don‚Äôt have to use them, but if you did it would really help my channel out!
